Baden-Württemberg,http://www.wikidata.org/entity/Q1250365,Q1250365
Baden-Württemberg,http://www.wikidata.org/entity/Q1534888,Q1534888
Baden-Württemberg,http://www.wikidata.org/entity/Q1542918,Q1542918
Baden-Württemberg,http://www.wikidata.org/entity/Q1549097,Q1549097
Baden-Württemberg,http://www.wikidata.org/entity/Q1622452,Q1622452
Baden-Württemberg,http://www.wikidata.org/entity/Q1658632,Q1658632
Baden-Württemberg,http://www.wikidata.org/entity/Q1803068,Q1803068
Baden-Württemberg,http://www.wikidata.org/entity/Q1803117,Q1803117
Baden-Württemberg,http://www.wikidata.org/entity/Q1803138,Q1803138
Baden-Württemberg,http://www.wikidata.org/entity/Q1803231,Q1803231
Baden-Württemberg,http://www.wikidata.org/entity/Q1803261,Q1803261
Baden-Württemberg,http://www.wikidata.org/entity/Q1803284,Q1803284
Baden-Württemberg,http://www.wikidata.org/entity/Q1803298,Q1803298
Baden-Württemberg,http://www.wikidata.org/entity/Q1803318,Q1803318
Baden-Württemberg,http://www.wikidata.org/entity/Q1803332,Q1803332
Baden-Württemberg,http://www.wikidata.org/entity/Q1803340,Q1803340
Baden-Württemberg,http://www.wikidata.org/entity/Q1803382,Q1803382
Baden-Württemberg,http://www.wikidata.org/entity/Q1803436,Q1803436
Baden-Württemberg,http://www.wikidata.org/entity/Q1803462,Q1803462
Baden-Württemberg,http://www.wikidata.org/entity/Q1803515,Q1803515
Baden-Württemberg,http://www.wikidata.org/entity/Q1803594,Q1803594
Baden-Württemberg,http://www.wikidata.org/entity/Q1345395,Q1345395
Baden-Württemberg,http://www.wikidata.org/entity/Q1397320,Q1397320
Baden-Württemberg,http://www.wikidata.org/entity/Q1476355,Q1476355
Baden-Württemberg,http://www.wikidata.org/entity/Q1693695,Q1693695
Baden-Württemberg,http://www.wikidata.org/entity/Q1727013,Q1727013
Baden-Württemberg,http://www.wikidata.org/entity/Q1803049,Q1803049
Baden-Württemberg,http://www.wikidata.org/entity/Q1803103,Q1803103
Baden-Württemberg,http://www.wikidata.org/entity/Q1803101,Q1803101
Baden-Württemberg,http://www.wikidata.org/entity/Q1803221,Q1803221
Baden-Württemberg,http://www.wikidata.org/entity/Q1803457,Q1803457
Baden-Württemberg,http://www.wikidata.org/entity/Q1803521,Q1803521
Baden-Württemberg,http://www.wikidata.org/entity/Q1803558,Q1803558
Baden-Württemberg,http://www.wikidata.org/entity/Q7166,Q7166
Baden-Württemberg,http://www.wikidata.org/entity/Q8174,Q8174
Baden-Württemberg,http://www.wikidata.org/entity/Q8178,Q8178
Baden-Württemberg,http://www.wikidata.org/entity/Q8177,Q8177
Baden-Württemberg,http://www.wikidata.org/entity/Q8182,Q8182
Baden-Württemberg,http://www.wikidata.org/entity/Q8186,Q8186
Baden-Württemberg,http://www.wikidata.org/entity/Q8184,Q8184
Baden-Württemberg,http://www.wikidata.org/entity/Q8191,Q8191
Baden-Württemberg,http://www.wikidata.org/entity/Q8189,Q8189
Baden-Württemberg,http://www.wikidata.org/entity/Q8195,Q8195
Baden-Württemberg,http://www.wikidata.org/entity/Q8193,Q8193
Baden-Württemberg,http://www.wikidata.org/entity/Q8198,Q8198
Baden-Württemberg,http://www.wikidata.org/entity/Q8203,Q8203
Baden-Württemberg,http://www.wikidata.org/entity/Q8200,Q8200
Baden-Württemberg,http://www.wikidata.org/entity/Q8206,Q8206
Baden-Württemberg,http://www.wikidata.org/entity/Q8211,Q8211
Baden-Württemberg,http://www.wikidata.org/entity/Q8208,Q8208
Baden-Württemberg,http://www.wikidata.org/entity/Q8214,Q8214
Baden-Württemberg,http://www.wikidata.org/entity/Q8217,Q8217
Baden-Württemberg,http://www.wikidata.org/entity/Q8223,Q8223
Baden-Württemberg,http://www.wikidata.org/entity/Q8221,Q8221
Baden-Württemberg,http://www.wikidata.org/entity/Q8225,Q8225
Baden-Württemberg,http://www.wikidata.org/entity/Q8230,Q8230
Baden-Württemberg,http://www.wikidata.org/entity/Q8228,Q8228
Baden-Württemberg,http://www.wikidata.org/entity/Q8233,Q8233
Baden-Württemberg,http://www.wikidata.org/entity/Q8518,Q8518
Baden-Württemberg,http://www.wikidata.org/entity/Q8517,Q8517
Baden-Württemberg,http://www.wikidata.org/entity/Q8522,Q8522
Baden-Württemberg,http://www.wikidata.org/entity/Q8523,Q8523
Baden-Württemberg,http://www.wikidata.org/entity/Q8520,Q8520
Baden-Württemberg,http://www.wikidata.org/entity/Q8525,Q8525
Baden-Württemberg,http://www.wikidata.org/entity/Q8528,Q8528
Baden-Württemberg,http://www.wikidata.org/entity/Q8533,Q8533
Baden-Württemberg,http://www.wikidata.org/entity/Q8536,Q8536
Baden-Württemberg,http://www.wikidata.org/entity/Q8541,Q8541
Hamburg,http://www.wikidata.org/entity/Q62565881,Q62565881
Sachsen,http://www.wikidata.org/entity/Q1258740,Q1258740
Sachsen,http://www.wikidata.org/entity/Q1323208,Q1323208
Sachsen,http://www.wikidata.org/entity/Q1563834,Q1563834
Sachsen,http://www.wikidata.org/entity/Q1635842,Q1635842
Sachsen,http://www.wikidata.org/entity/Q1787204,Q1787204
Sachsen,http://www.wikidata.org/entity/Q1787268,Q1787268
Sachsen,http://www.wikidata.org/entity/Q1787442,Q1787442
Sachsen,http://www.wikidata.org/entity/Q1803095,Q1803095
Sachsen,http://www.wikidata.org/entity/Q15605856,Q15605856
Sachsen,http://www.wikidata.org/entity/Q20221,Q20221
Sachsen,http://www.wikidata.org/entity/Q20230,Q20230
Sachsen,http://www.wikidata.org/entity/Q20233,Q20233
Sachsen,http://www.wikidata.org/entity/Q20236,Q20236
Sachsen,http://www.wikidata.org/entity/Q20242,Q20242
Sachsen,http://www.wikidata.org/entity/Q20248,Q20248
Sachsen,http://www.wikidata.org/entity/Q20253,Q20253
Sachsen,http://www.wikidata.org/entity/Q20259,Q20259
Sachsen,http://www.wikidata.org/entity/Q20256,Q20256
Sachsen,http://www.wikidata.org/entity/Q20262,Q20262
Sachsen,http://www.wikidata.org/entity/Q20266,Q20266
Sachsen,http://www.wikidata.org/entity/Q20264,Q20264
Sachsen,http://www.wikidata.org/entity/Q20271,Q20271
Sachsen,http://www.wikidata.org/entity/Q20269,Q20269
Sachsen,http://www.wikidata.org/entity/Q20274,Q20274
Sachsen,http://www.wikidata.org/entity/Q571947,Q571947
Sachsen,http://www.wikidata.org/entity/Q1526225,Q1526225
Sachsen,http://www.wikidata.org/entity/Q1596324,Q1596324
Sachsen,http://www.wikidata.org/entity/Q1699727,Q1699727
Sachsen,http://www.wikidata.org/entity/Q1787254,Q1787254
Sachsen,http://www.wikidata.org/entity/Q1787277,Q1787277
Sachsen,http://www.wikidata.org/entity/Q1787313,Q1787313
Sachsen,http://www.wikidata.org/entity/Q1787549,Q1787549
Sachsen,http://www.wikidata.org/entity/Q1787588,Q1787588
Sachsen,http://www.wikidata.org/entity/Q1803113,Q1803113
Sachsen,http://www.wikidata.org/entity/Q15101291,Q15101291
Sachsen,http://www.wikidata.org/entity/Q6301,Q6301
Sachsen,http://www.wikidata.org/entity/Q6308,Q6308
Sachsen,http://www.wikidata.org/entity/Q6313,Q6313
Sachsen,http://www.wikidata.org/entity/Q6317,Q6317
Sachsen,http://www.wikidata.org/entity/Q6323,Q6323
Sachsen,http://www.wikidata.org/entity/Q6330,Q6330
Sachsen,http://www.wikidata.org/entity/Q6328,Q6328
Sachsen,http://www.wikidata.org/entity/Q6339,Q6339
Sachsen,http://www.wikidata.org/entity/Q6337,Q6337
Sachsen,http://www.wikidata.org/entity/Q20223,Q20223
Sachsen,http://www.wikidata.org/entity/Q20227,Q20227
Sachsen,http://www.wikidata.org/entity/Q20239,Q20239
Sachsen,http://www.wikidata.org/entity/Q20245,Q20245
Sachsen,http://www.wikidata.org/entity/Q20250,Q20250
Sachsen-Anhalt,http://www.wikidata.org/entity/Q113961,Q113961
Sachsen-Anhalt,http://www.wikidata.org/entity/Q114207,Q114207
Sachsen-Anhalt,http://www.wikidata.org/entity/Q114369,Q114369
Sachsen-Anhalt,http://www.wikidata.org/entity/Q114539,Q114539
Sachsen-Anhalt,http://www.wikidata.org/entity/Q115352,Q115352
Sachsen-Anhalt,http://www.wikidata.org/entity/Q1232133,Q1232133
Sachsen-Anhalt,http://www.wikidata.org/entity/Q1677145,Q1677145
Sachsen-Anhalt,http://www.wikidata.org/entity/Q1787316,Q1787316
Sachsen-Anhalt,http://www.wikidata.org/entity/Q1787338,Q1787338
Sachsen-Anhalt,http://www.wikidata.org/entity/Q1787479,Q1787479
Sachsen-Anhalt,http://www.wikidata.org/entity/Q6057,Q6057
Sachsen-Anhalt,http://www.wikidata.org/entity/Q6061,Q6061
Sachsen-Anhalt,http://www.wikidata.org/entity/Q6064,Q6064
Sachsen-Anhalt,http://www.wikidata.org/entity/Q6071,Q6071
Sachsen-Anhalt,http://www.wikidata.org/entity/Q6068,Q6068
Sachsen-Anhalt,http://www.wikidata.org/entity/Q6075,Q6075
Sachsen-Anhalt,http://www.wikidata.org/entity/Q6081,Q6081
Sachsen-Anhalt,http://www.wikidata.org/entity/Q6087,Q6087
Sachsen-Anhalt,http://www.wikidata.org/entity/Q6092,Q6092
Sachsen-Anhalt,http://www.wikidata.org/entity/Q6098,Q6098
Sachsen-Anhalt,http://www.wikidata.org/entity/Q6102,Q6102
Sachsen-Anhalt,http://www.wikidata.org/entity/Q81415,Q81415
Sachsen-Anhalt,http://www.wikidata.org/entity/Q114127,Q114127
Sachsen-Anhalt,http://www.wikidata.org/entity/Q114157,Q114157
Sachsen-Anhalt,http://www.wikidata.org/entity/Q114216,Q114216
Sachsen-Anhalt,http://www.wikidata.org/entity/Q114225,Q114225
Sachsen-Anhalt,http://www.wikidata.org/entity/Q114247,Q114247
Sachsen-Anhalt,http://www.wikidata.org/entity/Q114614,Q114614
Sachsen-Anhalt,http://www.wikidata.org/entity/Q114625,Q114625
Sachsen-Anhalt,http://www.wikidata.org/entity/Q696771,Q696771
Sachsen-Anhalt,http://www.wikidata.org/entity/Q702558,Q702558
Sachsen-Anhalt,http://www.wikidata.org/entity/Q836670,Q836670
Sachsen-Anhalt,http://www.wikidata.org/entity/Q1643078,Q1643078
Sachsen-Anhalt,http://www.wikidata.org/entity/Q1787339,Q1787339
Sachsen-Anhalt,http://www.wikidata.org/entity/Q1787418,Q1787418
Sachsen-Anhalt,http://www.wikidata.org/entity/Q1787568,Q1787568
Sachsen-Anhalt,http://www.wikidata.org/entity/Q14920405,Q14920405
Schleswig-Holstein,http://www.wikidata.org/entity/Q2937,Q2937
Schleswig-Holstein,http://www.wikidata.org/entity/Q2941,Q2941
Schleswig-Holstein,http://www.wikidata.org/entity/Q2947,Q2947
Schleswig-Holstein,http://www.wikidata.org/entity/Q2967,Q2967
Schleswig-Holstein,http://www.wikidata.org/entity/Q2970,Q2970
Schleswig-Holstein,http://www.wikidata.org/entity/Q2975,Q2975
Schleswig-Holstein,http://www.wikidata.org/entity/Q2980,Q2980
Schleswig-Holstein,http://www.wikidata.org/entity/Q3003,Q3003
Schleswig-Holstein,http://www.wikidata.org/entity/Q3000,Q3000
Schleswig-Holstein,http://www.wikidata.org/entity/Q3006,Q3006
Schleswig-Holstein,http://www.wikidata.org/entity/Q3011,Q3011
Schleswig-Holstein,http://www.wikidata.org/entity/Q1787282,Q1787282
Schleswig-Holstein,http://www.wikidata.org/entity/Q1787345,Q1787345
Saarland,http://www.wikidata.org/entity/Q6789,Q6789
Saarland,http://www.wikidata.org/entity/Q6794,Q6794
Saarland,http://www.wikidata.org/entity/Q6793,Q6793
Saarland,http://www.wikidata.org/entity/Q6799,Q6799
Saarland,http://www.wikidata.org/entity/Q6802,Q6802
Saarland,http://www.wikidata.org/entity/Q6805,Q6805
Saarland,http://www.wikidata.org/entity/Q1803377,Q1803377
Saarland,http://www.wikidata.org/entity/Q108267709,Q108267709
Rheinland-Pfalz,http://www.wikidata.org/entity/Q1803083,Q1803083
Rheinland-Pfalz,http://www.wikidata.org/entity/Q1803460,Q1803460
Rheinland-Pfalz,http://www.wikidata.org/entity/Q1803590,Q1803590
Rheinland-Pfalz,http://www.wikidata.org/entity/Q18022911,Q18022911
Rheinland-Pfalz,http://www.wikidata.org/entity/Q1803088,Q1803088
Rheinland-Pfalz,http://www.wikidata.org/entity/Q1803266,Q1803266
Rheinland-Pfalz,http://www.wikidata.org/entity/Q1803508,Q1803508
Rheinland-Pfalz,http://www.wikidata.org/entity/Q1803579,Q1803579
Rheinland-Pfalz,http://www.wikidata.org/entity/Q8543,Q8543
Rheinland-Pfalz,http://www.wikidata.org/entity/Q8551,Q8551
Rheinland-Pfalz,http://www.wikidata.org/entity/Q8554,Q8554
Rheinland-Pfalz,http://www.wikidata.org/entity/Q8552,Q8552
Rheinland-Pfalz,http://www.wikidata.org/entity/Q8559,Q8559
Rheinland-Pfalz,http://www.wikidata.org/entity/Q8557,Q8557
Rheinland-Pfalz,http://www.wikidata.org/entity/Q8562,Q8562
Rheinland-Pfalz,http://www.wikidata.org/entity/Q8566,Q8566
Rheinland-Pfalz,http://www.wikidata.org/entity/Q8564,Q8564
Rheinland-Pfalz,http://www.wikidata.org/entity/Q8569,Q8569
Rheinland-Pfalz,http://www.wikidata.org/entity/Q8574,Q8574
Rheinland-Pfalz,http://www.wikidata.org/entity/Q8575,Q8575
Rheinland-Pfalz,http://www.wikidata.org/entity/Q8572,Q8572
Rheinland-Pfalz,http://www.wikidata.org/entity/Q8579,Q8579
Rheinland-Pfalz,http://www.wikidata.org/entity/Q8583,Q8583
Rheinland-Pfalz,http://www.wikidata.org/entity/Q8580,Q8580
Rheinland-Pfalz,http://www.wikidata.org/entity/Q8585,Q8585
Rheinland-Pfalz,http://www.wikidata.org/entity/Q8590,Q8590
Rheinland-Pfalz,http://www.wikidata.org/entity/Q8593,Q8593
Rheinland-Pfalz,http://www.wikidata.org/entity/Q8596,Q8596
Rheinland-Pfalz,http://www.wikidata.org/entity/Q8602,Q8602
Rheinland-Pfalz,http://www.wikidata.org/entity/Q8601,Q8601
Rheinland-Pfalz,http://www.wikidata.org/entity/Q8606,Q8606
Rheinland-Pfalz,http://www.wikidata.org/entity/Q8608,Q8608
Brandenburg,http://www.wikidata.org/entity/Q6109,Q6109
Brandenburg,http://www.wikidata.org/entity/Q6115,Q6115
Brandenburg,http://www.wikidata.org/entity/Q6119,Q6119
Brandenburg,http://www.wikidata.org/entity/Q6125,Q6125
Brandenburg,http://www.wikidata.org/entity/Q6132,Q6132
Brandenburg,http://www.wikidata.org/entity/Q6139,Q6139
Brandenburg,http://www.wikidata.org/entity/Q6142,Q6142
Brandenburg,http://www.wikidata.org/entity/Q6146,Q6146
Brandenburg,http://www.wikidata.org/entity/Q6152,Q6152
Brandenburg,http://www.wikidata.org/entity/Q6156,Q6156
Brandenburg,http://www.wikidata.org/entity/Q6165,Q6165
Brandenburg,http://www.wikidata.org/entity/Q6173,Q6173
Brandenburg,http://www.wikidata.org/entity/Q6178,Q6178
Brandenburg,http://www.wikidata.org/entity/Q6181,Q6181
Nordrhein-Westfalen,http://www.wikidata.org/entity/Q251069,Q251069
Nordrhein-Westfalen,http://www.wikidata.org/entity/Q260884,Q260884
Nordrhein-Westfalen,http://www.wikidata.org/entity/Q878752,Q878752
Nordrhein-Westfalen,http://www.wikidata.org/entity/Q895515,Q895515
Nordrhein-Westfalen,http://www.wikidata.org/entity/Q897140,Q897140
Nordrhein-Westfalen,http://www.wikidata.org/entity/Q1322719,Q1322719
Nordrhein-Westfalen,http://www.wikidata.org/entity/Q1372871,Q1372871
Nordrhein-Westfalen,http://www.wikidata.org/entity/Q1412180,Q1412180
Nordrhein-Westfalen,http://www.wikidata.org/entity/Q1461305,Q1461305
Nordrhein-Westfalen,http://www.wikidata.org/entity/Q1557857,Q1557857
Nordrhein-Westfalen,http://www.wikidata.org/entity/Q1644645,Q1644645
Nordrhein-Westfalen,http://www.wikidata.org/entity/Q1673662,Q1673662
Nordrhein-Westfalen,http://www.wikidata.org/entity/Q1738986,Q1738986
Nordrhein-Westfalen,http://www.wikidata.org/entity/Q1739523,Q1739523
Nordrhein-Westfalen,http://www.wikidata.org/entity/Q1787239,Q1787239
Nordrhein-Westfalen,http://www.wikidata.org/entity/Q1787246,Q1787246
Nordrhein-Westfalen,http://www.wikidata.org/entity/Q1787361,Q1787361
Nordrhein-Westfalen,http://www.wikidata.org/entity/Q1787409,Q1787409
Nordrhein-Westfalen,http://www.wikidata.org/entity/Q1787563,Q1787563
Nordrhein-Westfalen,http://www.wikidata.org/entity/Q1803047,Q1803047
Nordrhein-Westfalen,http://www.wikidata.org/entity/Q1803277,Q1803277
Nordrhein-Westfalen,http://www.wikidata.org/entity/Q2839,Q2839
Nordrhein-Westfalen,http://www.wikidata.org/entity/Q5937,Q5937
Nordrhein-Westfalen,http://www.wikidata.org/entity/Q5946,Q5946
Nordrhein-Westfalen,http://www.wikidata.org/entity/Q5953,Q5953
Nordrhein-Westfalen,http://www.wikidata.org/entity/Q5965,Q5965
Nordrhein-Westfalen,http://www.wikidata.org/entity/Q5982,Q5982
Nordrhein-Westfalen,http://www.wikidata.org/entity/Q6163,Q6163
Nordrhein-Westfalen,http://www.wikidata.org/entity/Q6187,Q6187
Nordrhein-Westfalen,http://www.wikidata.org/entity/Q6191,Q6191
Nordrhein-Westfalen,http://www.wikidata.org/entity/Q6210,Q6210
Nordrhein-Westfalen,http://www.wikidata.org/entity/Q6214,Q6214
Nordrhein-Westfalen,http://www.wikidata.org/entity/Q6218,Q6218
Nordrhein-Westfalen,http://www.wikidata.org/entity/Q6224,Q6224
Nordrhein-Westfalen,http://www.wikidata.org/entity/Q6230,Q6230
Nordrhein-Westfalen,http://www.wikidata.org/entity/Q6228,Q6228
Nordrhein-Westfalen,http://www.wikidata.org/entity/Q6234,Q6234
Nordrhein-Westfalen,http://www.wikidata.org/entity/Q6239,Q6239
Nordrhein-Westfalen,http://www.wikidata.org/entity/Q6246,Q6246
Nordrhein-Westfalen,http://www.wikidata.org/entity/Q6245,Q6245
Nordrhein-Westfalen,http://www.wikidata.org/entity/Q6249,Q6249
Nordrhein-Westfalen,http://www.wikidata.org/entity/Q6253,Q6253
Nordrhein-Westfalen,http://www.wikidata.org/entity/Q6257,Q6257
Nordrhein-Westfalen,http://www.wikidata.org/entity/Q6264,Q6264
Nordrhein-Westfalen,http://www.wikidata.org/entity/Q6275,Q6275
Nordrhein-Westfalen,http://www.wikidata.org/entity/Q6272,Q6272
Nordrhein-Westfalen,http://www.wikidata.org/entity/Q6280,Q6280
Nordrhein-Westfalen,http://www.wikidata.org/entity/Q6287,Q6287
Nordrhein-Westfalen,http://www.wikidata.org/entity/Q6295,Q6295
Nordrhein-Westfalen,http://www.wikidata.org/entity/Q6292,Q6292
Nordrhein-Westfalen,http://www.wikidata.org/entity/Q6298,Q6298
Nordrhein-Westfalen,http://www.wikidata.org/entity/Q11280,Q11280
Nordrhein-Westfalen,http://www.wikidata.org/entity/Q166787,Q166787
Nordrhein-Westfalen,http://www.wikidata.org/entity/Q180248,Q180248
Nordrhein-Westfalen,http://www.wikidata.org/entity/Q600902,Q600902
Nordrhein-Westfalen,http://www.wikidata.org/entity/Q653282,Q653282
Nordrhein-Westfalen,http://www.wikidata.org/entity/Q878419,Q878419
Nordrhein-Westfalen,http://www.wikidata.org/entity/Q1113210,Q1113210
Nordrhein-Westfalen,http://www.wikidata.org/entity/Q1351319,Q1351319
Nordrhein-Westfalen,http://www.wikidata.org/entity/Q1366459,Q1366459
Nordrhein-Westfalen,http://www.wikidata.org/entity/Q1378663,Q1378663
Nordrhein-Westfalen,http://www.wikidata.org/entity/Q1465811,Q1465811
Nordrhein-Westfalen,http://www.wikidata.org/entity/Q1521339,Q1521339
Nordrhein-Westfalen,http://www.wikidata.org/entity/Q1543152,Q1543152
Nordrhein-Westfalen,http://www.wikidata.org/entity/Q1587845,Q1587845
Nordrhein-Westfalen,http://www.wikidata.org/entity/Q1685614,Q1685614
Nordrhein-Westfalen,http://www.wikidata.org/entity/Q1747717,Q1747717
Nordrhein-Westfalen,http://www.wikidata.org/entity/Q1759911,Q1759911
Nordrhein-Westfalen,http://www.wikidata.org/entity/Q1787232,Q1787232
Nordrhein-Westfalen,http://www.wikidata.org/entity/Q1787267,Q1787267
Nordrhein-Westfalen,http://www.wikidata.org/entity/Q1787280,Q1787280
Nordrhein-Westfalen,http://www.wikidata.org/entity/Q1787307,Q1787307
Nordrhein-Westfalen,http://www.wikidata.org/entity/Q1787374,Q1787374
Nordrhein-Westfalen,http://www.wikidata.org/entity/Q1787383,Q1787383
Nordrhein-Westfalen,http://www.wikidata.org/entity/Q1787411,Q1787411
Nordrhein-Westfalen,http://www.wikidata.org/entity/Q1787449,Q1787449
Nordrhein-Westfalen,http://www.wikidata.org/entity/Q1787509,Q1787509
Nordrhein-Westfalen,http://www.wikidata.org/entity/Q1787514,Q1787514
Nordrhein-Westfalen,http://www.wikidata.org/entity/Q1787578,Q1787578
Nordrhein-Westfalen,http://www.wikidata.org/entity/Q1803056,Q1803056
Nordrhein-Westfalen,http://www.wikidata.org/entity/Q2147516,Q2147516
Nordrhein-Westfalen,http://www.wikidata.org/entity/Q2268218,Q2268218
Nordrhein-Westfalen,http://www.wikidata.org/entity/Q7379734,Q7379734
Nordrhein-Westfalen,http://www.wikidata.org/entity/Q16332967,Q16332967
Nordrhein-Westfalen,http://www.wikidata.org/entity/Q16832627,Q16832627
Nordrhein-Westfalen,http://www.wikidata.org/entity/Q56881361,Q56881361
Hessen,http://www.wikidata.org/entity/Q1434031,Q1434031
Hessen,http://www.wikidata.org/entity/Q1617785,Q1617785
Hessen,http://www.wikidata.org/entity/Q1688400,Q1688400
Hessen,http://www.wikidata.org/entity/Q1803125,Q1803125
Hessen,http://www.wikidata.org/entity/Q1803156,Q1803156
Hessen,http://www.wikidata.org/entity/Q1803172,Q1803172
Hessen,http://www.wikidata.org/entity/Q1803209,Q1803209
Hessen,http://www.wikidata.org/entity/Q1803216,Q1803216
Hessen,http://www.wikidata.org/entity/Q1803241,Q1803241
Hessen,http://www.wikidata.org/entity/Q1803329,Q1803329
Hessen,http://www.wikidata.org/entity/Q7894,Q7894
Hessen,http://www.wikidata.org/entity/Q7899,Q7899
Hessen,http://www.wikidata.org/entity/Q7896,Q7896
Hessen,http://www.wikidata.org/entity/Q7906,Q7906
Hessen,http://www.wikidata.org/entity/Q7907,Q7907
Hessen,http://www.wikidata.org/entity/Q7910,Q7910
Hessen,http://www.wikidata.org/entity/Q7911,Q7911
Hessen,http://www.wikidata.org/entity/Q7908,Q7908
Hessen,http://www.wikidata.org/entity/Q7909,Q7909
Hessen,http://www.wikidata.org/entity/Q7914,Q7914
Hessen,http://www.wikidata.org/entity/Q7912,Q7912
Hessen,http://www.wikidata.org/entity/Q7919,Q7919
Hessen,http://www.wikidata.org/entity/Q7916,Q7916
Hessen,http://www.wikidata.org/entity/Q7917,Q7917
Hessen,http://www.wikidata.org/entity/Q652979,Q652979
Hessen,http://www.wikidata.org/entity/Q1225581,Q1225581
Hessen,http://www.wikidata.org/entity/Q1527963,Q1527963
Hessen,http://www.wikidata.org/entity/Q1662276,Q1662276
Hessen,http://www.wikidata.org/entity/Q1787214,Q1787214
Hessen,http://www.wikidata.org/entity/Q1803054,Q1803054
Hessen,http://www.wikidata.org/entity/Q1803150,Q1803150
Hessen,http://www.wikidata.org/entity/Q1803224,Q1803224
Hessen,http://www.wikidata.org/entity/Q1803417,Q1803417
Hessen,http://www.wikidata.org/entity/Q1803522,Q1803522
Hessen,http://www.wikidata.org/entity/Q2147656,Q2147656
Hessen,http://www.wikidata.org/entity/Q7890,Q7890
Hessen,http://www.wikidata.org/entity/Q7893,Q7893
Hessen,http://www.wikidata.org/entity/Q7898,Q7898
Hessen,http://www.wikidata.org/entity/Q7902,Q7902
Hessen,http://www.wikidata.org/entity/Q7901,Q7901
Hessen,http://www.wikidata.org/entity/Q7904,Q7904
Hessen,http://www.wikidata.org/entity/Q7905,Q7905
Thüringen,http://www.wikidata.org/entity/Q1413218,Q1413218
Thüringen,http://www.wikidata.org/entity/Q1689107,Q1689107
Thüringen,http://www.wikidata.org/entity/Q1787353,Q1787353
Thüringen,http://www.wikidata.org/entity/Q1787356,Q1787356
Thüringen,http://www.wikidata.org/entity/Q1787382,Q1787382
Thüringen,http://www.wikidata.org/entity/Q1787515,Q1787515
Thüringen,http://www.wikidata.org/entity/Q1787565,Q1787565
Thüringen,http://www.wikidata.org/entity/Q7858,Q7858
Thüringen,http://www.wikidata.org/entity/Q7862,Q7862
Thüringen,http://www.wikidata.org/entity/Q7861,Q7861
Thüringen,http://www.wikidata.org/entity/Q7866,Q7866
Thüringen,http://www.wikidata.org/entity/Q7864,Q7864
Thüringen,http://www.wikidata.org/entity/Q7865,Q7865
Thüringen,http://www.wikidata.org/entity/Q7871,Q7871
Thüringen,http://www.wikidata.org/entity/Q7869,Q7869
Thüringen,http://www.wikidata.org/entity/Q7875,Q7875
Thüringen,http://www.wikidata.org/entity/Q7872,Q7872
Thüringen,http://www.wikidata.org/entity/Q7878,Q7878
Thüringen,http://www.wikidata.org/entity/Q7879,Q7879
Thüringen,http://www.wikidata.org/entity/Q7882,Q7882
Thüringen,http://www.wikidata.org/entity/Q7883,Q7883
Thüringen,http://www.wikidata.org/entity/Q7887,Q7887
Thüringen,http://www.wikidata.org/entity/Q7884,Q7884
Thüringen,http://www.wikidata.org/entity/Q7888,Q7888
Thüringen,http://www.wikidata.org/entity/Q1294776,Q1294776
Thüringen,http://www.wikidata.org/entity/Q1768112,Q1768112
Thüringen,http://www.wikidata.org/entity/Q1787302,Q1787302
Thüringen,http://www.wikidata.org/entity/Q1787308,Q1787308
Thüringen,http://www.wikidata.org/entity/Q1787415,Q1787415
Thüringen,http://www.wikidata.org/entity/Q1787466,Q1787466
Thüringen,http://www.wikidata.org/entity/Q1787478,Q1787478
Thüringen,http://www.wikidata.org/entity/Q1787499,Q1787499
Thüringen,http://www.wikidata.org/entity/Q1787497,Q1787497
Thüringen,http://www.wikidata.org/entity/Q2752286,Q2752286
Niedersachsen,http://www.wikidata.org/entity/Q1689254,Q1689254
Niedersachsen,http://www.wikidata.org/entity/Q1711545,Q1711545
Niedersachsen,http://www.wikidata.org/entity/Q1758038,Q1758038
Niedersachsen,http://www.wikidata.org/entity/Q1769956,Q1769956
Niedersachsen,http://www.wikidata.org/entity/Q1787256,Q1787256
Niedersachsen,http://www.wikidata.org/entity/Q1787555,Q1787555
Niedersachsen,http://www.wikidata.org/entity/Q5897,Q5897
Niedersachsen,http://www.wikidata.org/entity/Q5906,Q5906
Niedersachsen,http://www.wikidata.org/entity/Q5907,Q5907
Niedersachsen,http://www.wikidata.org/entity/Q5910,Q5910
Niedersachsen,http://www.wikidata.org/entity/Q5915,Q5915
Niedersachsen,http://www.wikidata.org/entity/Q5913,Q5913
Niedersachsen,http://www.wikidata.org/entity/Q5919,Q5919
Niedersachsen,http://www.wikidata.org/entity/Q5922,Q5922
Niedersachsen,http://www.wikidata.org/entity/Q5923,Q5923
Niedersachsen,http://www.wikidata.org/entity/Q5926,Q5926
Niedersachsen,http://www.wikidata.org/entity/Q5927,Q5927
Niedersachsen,http://www.wikidata.org/entity/Q5931,Q5931
Niedersachsen,http://www.wikidata.org/entity/Q5929,Q5929
Niedersachsen,http://www.wikidata.org/entity/Q5934,Q5934
Niedersachsen,http://www.wikidata.org/entity/Q5932,Q5932
Niedersachsen,http://www.wikidata.org/entity/Q5939,Q5939
Niedersachsen,http://www.wikidata.org/entity/Q5936,Q5936
Niedersachsen,http://www.wikidata.org/entity/Q5940,Q5940
Niedersachsen,http://www.wikidata.org/entity/Q5941,Q5941
Niedersachsen,http://www.wikidata.org/entity/Q5947,Q5947
Niedersachsen,http://www.wikidata.org/entity/Q5945,Q5945
Niedersachsen,http://www.wikidata.org/entity/Q5948,Q5948
Niedersachsen,http://www.wikidata.org/entity/Q5952,Q5952
Niedersachsen,http://www.wikidata.org/entity/Q5958,Q5958
Niedersachsen,http://www.wikidata.org/entity/Q5956,Q5956
Niedersachsen,http://www.wikidata.org/entity/Q5963,Q5963
Niedersachsen,http://www.wikidata.org/entity/Q5966,Q5966
Niedersachsen,http://www.wikidata.org/entity/Q5970,Q5970
Niedersachsen,http://www.wikidata.org/entity/Q5973,Q5973
Niedersachsen,http://www.wikidata.org/entity/Q5978,Q5978
Niedersachsen,http://www.wikidata.org/entity/Q6018,Q6018
Niedersachsen,http://www.wikidata.org/entity/Q6022,Q6022
Niedersachsen,http://www.wikidata.org/entity/Q6037,Q6037
Niedersachsen,http://www.wikidata.org/entity/Q6040,Q6040
Niedersachsen,http://www.wikidata.org/entity/Q6041,Q6041
Niedersachsen,http://www.wikidata.org/entity/Q6047,Q6047
Niedersachsen,http://www.wikidata.org/entity/Q6045,Q6045
Niedersachsen,http://www.wikidata.org/entity/Q6053,Q6053
Niedersachsen,http://www.wikidata.org/entity/Q895926,Q895926
Niedersachsen,http://www.wikidata.org/entity/Q1029950,Q1029950
Niedersachsen,http://www.wikidata.org/entity/Q1270682,Q1270682
Niedersachsen,http://www.wikidata.org/entity/Q1276006,Q1276006
Niedersachsen,http://www.wikidata.org/entity/Q1305418,Q1305418
Niedersachsen,http://www.wikidata.org/entity/Q1360467,Q1360467
Niedersachsen,http://www.wikidata.org/entity/Q1479133,Q1479133
Niedersachsen,http://www.wikidata.org/entity/Q1613939,Q1613939
Niedersachsen,http://www.wikidata.org/entity/Q1615235,Q1615235
Niedersachsen,http://www.wikidata.org/entity/Q1787525,Q1787525
Niedersachsen,http://www.wikidata.org/entity/Q1787538,Q1787538
Niedersachsen,http://www.wikidata.org/entity/Q1787539,Q1787539
Niedersachsen,http://www.wikidata.org/entity/Q1803052,Q1803052
Niedersachsen,http://www.wikidata.org/entity/Q1803063,Q1803063
Niedersachsen,http://www.wikidata.org/entity/Q1803084,Q1803084
Niedersachsen,http://www.wikidata.org/entity/Q1803098,Q1803098
Niedersachsen,http://www.wikidata.org/entity/Q1803187,Q1803187
Niedersachsen,http://www.wikidata.org/entity/Q1803305,Q1803305
Niedersachsen,http://www.wikidata.org/entity/Q1803356,Q1803356
Niedersachsen,http://www.wikidata.org/entity/Q1803439,Q1803439
Niedersachsen,http://www.wikidata.org/entity/Q1803466,Q1803466
Niedersachsen,http://www.wikidata.org/entity/Q1803473,Q1803473
Niedersachsen,http://www.wikidata.org/entity/Q1803554,Q1803554
Bayern,http://www.wikidata.org/entity/Q1394527,Q1394527
Bayern,http://www.wikidata.org/entity/Q1803174,Q1803174
Bayern,http://www.wikidata.org/entity/Q1803308,Q1803308
Bayern,http://www.wikidata.org/entity/Q1803322,Q1803322
Bayern,http://www.wikidata.org/entity/Q1772195,Q1772195
Bayern,http://www.wikidata.org/entity/Q1803213,Q1803213
Bayern,http://www.wikidata.org/entity/Q10458,Q10458
Bayern,http://www.wikidata.org/entity/Q10459,Q10459
Bayern,http://www.wikidata.org/entity/Q10462,Q10462
Bayern,http://www.wikidata.org/entity/Q10461,Q10461
Bayern,http://www.wikidata.org/entity/Q10466,Q10466
Bayern,http://www.wikidata.org/entity/Q10465,Q10465
Bayern,http://www.wikidata.org/entity/Q10471,Q10471
Bayern,http://www.wikidata.org/entity/Q10469,Q10469
Bayern,http://www.wikidata.org/entity/Q10472,Q10472
Bayern,http://www.wikidata.org/entity/Q1207546,Q1207546
Bayern,http://www.wikidata.org/entity/Q49594,Q49594
Bayern,http://www.wikidata.org/entity/Q1115490,Q1115490
Bayern,http://www.wikidata.org/entity/Q1207744,Q1207744
Bayern,http://www.wikidata.org/entity/Q1803076,Q1803076
Bayern,http://www.wikidata.org/entity/Q10447,Q10447
Bayern,http://www.wikidata.org/entity/Q10451,Q10451
Bayern,http://www.wikidata.org/entity/Q10449,Q10449
Bayern,http://www.wikidata.org/entity/Q10454,Q10454
Bayern,http://www.wikidata.org/entity/Q10455,Q10455
Bayern,http://www.wikidata.org/entity/Q10453,Q10453
Bayern,http://www.wikidata.org/entity/Q10456,Q10456
Bayern,http://www.wikidata.org/entity/Q10491,Q10491
Bayern,http://www.wikidata.org/entity/Q10431,Q10431
Bayern,http://www.wikidata.org/entity/Q10434,Q10434
Bayern,http://www.wikidata.org/entity/Q10432,Q10432
Bayern,http://www.wikidata.org/entity/Q10439,Q10439
Bayern,http://www.wikidata.org/entity/Q10436,Q10436
Bayern,http://www.wikidata.org/entity/Q10442,Q10442
Bayern,http://www.wikidata.org/entity/Q10440,Q10440
Bayern,http://www.wikidata.org/entity/Q10444,Q10444
Bayern,http://www.wikidata.org/entity/Q10445,Q10445
Bayern,http://www.wikidata.org/entity/Q1031125,Q1031125
Bayern,http://www.wikidata.org/entity/Q1527996,Q1527996
Bayern,http://www.wikidata.org/entity/Q1718802,Q1718802
Bayern,http://www.wikidata.org/entity/Q1803076,Q1803076
Bayern,http://www.wikidata.org/entity/Q1803378,Q1803378
Bayern,http://www.wikidata.org/entity/Q1803409,Q1803409
Bayern,http://www.wikidata.org/entity/Q1803488,Q1803488
Bayern,http://www.wikidata.org/entity/Q1803519,Q1803519
Bayern,http://www.wikidata.org/entity/Q1803524,Q1803524
Bayern,http://www.wikidata.org/entity/Q10419,Q10419
Bayern,http://www.wikidata.org/entity/Q10423,Q10423
Bayern,http://www.wikidata.org/entity/Q10420,Q10420
Bayern,http://www.wikidata.org/entity/Q10421,Q10421
Bayern,http://www.wikidata.org/entity/Q10427,Q10427
Bayern,http://www.wikidata.org/entity/Q10424,Q10424
Bayern,http://www.wikidata.org/entity/Q10429,Q10429
Bayern,http://www.wikidata.org/entity/Q262703,Q262703
Bayern,http://www.wikidata.org/entity/Q267793,Q267793
Bayern,http://www.wikidata.org/entity/Q1289814,Q1289814
Bayern,http://www.wikidata.org/entity/Q1449780,Q1449780
Bayern,http://www.wikidata.org/entity/Q1450762,Q1450762
Bayern,http://www.wikidata.org/entity/Q1562174,Q1562174
Bayern,http://www.wikidata.org/entity/Q1607686,Q1607686
Bayern,http://www.wikidata.org/entity/Q1790442,Q1790442
Bayern,http://www.wikidata.org/entity/Q1803129,Q1803129
Bayern,http://www.wikidata.org/entity/Q1803137,Q1803137
Bayern,http://www.wikidata.org/entity/Q1803185,Q1803185
Bayern,http://www.wikidata.org/entity/Q1803282,Q1803282
Bayern,http://www.wikidata.org/entity/Q1803316,Q1803316
Bayern,http://www.wikidata.org/entity/Q1803381,Q1803381
Bayern,http://www.wikidata.org/entity/Q1803483,Q1803483
Bayern,http://www.wikidata.org/entity/Q1803518,Q1803518
Bayern,http://www.wikidata.org/entity/Q1803516,Q1803516
Bayern,http://www.wikidata.org/entity/Q10474,Q10474
Bayern,http://www.wikidata.org/entity/Q10475,Q10475
Bayern,http://www.wikidata.org/entity/Q10477,Q10477
Bayern,http://www.wikidata.org/entity/Q10482,Q10482
Bayern,http://www.wikidata.org/entity/Q10483,Q10483
Bayern,http://www.wikidata.org/entity/Q10480,Q10480
Bayern,http://www.wikidata.org/entity/Q10487,Q10487
Bayern,http://www.wikidata.org/entity/Q10485,Q10485
Bayern,http://www.wikidata.org/entity/Q10489,Q10489
Bayern,http://www.wikidata.org/entity/Q882176,Q882176
Bayern,http://www.wikidata.org/entity/Q1207655,Q1207655
Bayern,http://www.wikidata.org/entity/Q1207701,Q1207701
Bayern,http://www.wikidata.org/entity/Q1281905,Q1281905
Bayern,http://www.wikidata.org/entity/Q1394948,Q1394948
Bayern,http://www.wikidata.org/entity/Q1410783,Q1410783
Bayern,http://www.wikidata.org/entity/Q1664009,Q1664009
Bayern,http://www.wikidata.org/entity/Q1668435,Q1668435
Bayern,http://www.wikidata.org/entity/Q1735752,Q1735752
Bayern,http://www.wikidata.org/entity/Q1803244,Q1803244
Bayern,http://www.wikidata.org/entity/Q1803263,Q1803263
Bayern,http://www.wikidata.org/entity/Q1803328,Q1803328
Bayern,http://www.wikidata.org/entity/Q1803351,Q1803351
Bayern,http://www.wikidata.org/entity/Q1803450,Q1803450
Bayern,http://www.wikidata.org/entity/Q1803468,Q1803468
Bayern,http://www.wikidata.org/entity/Q10402,Q10402
Bayern,http://www.wikidata.org/entity/Q10401,Q10401
Bayern,http://www.wikidata.org/entity/Q10405,Q10405
Bayern,http://www.wikidata.org/entity/Q10410,Q10410
Bayern,http://www.wikidata.org/entity/Q10408,Q10408
Bayern,http://www.wikidata.org/entity/Q10414,Q10414
Bayern,http://www.wikidata.org/entity/Q10415,Q10415
Bayern,http://www.wikidata.org/entity/Q10412,Q10412
Bayern,http://www.wikidata.org/entity/Q10418,Q10418
Bayern,http://www.wikidata.org/entity/Q10417,Q10417
Bayern,http://www.wikidata.org/entity/Q1394948,Q1394948
Bayern,http://www.wikidata.org/entity/Q1409438,Q1409438
Bayern,http://www.wikidata.org/entity/Q1517485,Q1517485
Bayern,http://www.wikidata.org/entity/Q1678492,Q1678492
Bayern,http://www.wikidata.org/entity/Q1756892,Q1756892
Bayern,http://www.wikidata.org/entity/Q1803069,Q1803069
Bayern,http://www.wikidata.org/entity/Q1803073,Q1803073
Bayern,http://www.wikidata.org/entity/Q1803448,Q1803448
Bayern,http://www.wikidata.org/entity/Q1803449,Q1803449
Bayern,http://www.wikidata.org/entity/Q1803535,Q1803535
Bayern,http://www.wikidata.org/entity/Q1803560,Q1803560
Bayern,http://www.wikidata.org/entity/Q10491,Q10491
Bayern,http://www.wikidata.org/entity/Q10493,Q10493
Bayern,http://www.wikidata.org/entity/Q10496,Q10496
Bayern,http://www.wikidata.org/entity/Q10497,Q10497
Bayern,http://www.wikidata.org/entity/Q10502,Q10502
Bayern,http://www.wikidata.org/entity/Q10500,Q10500
Bayern,http://www.wikidata.org/entity/Q10507,Q10507
Bayern,http://www.wikidata.org/entity/Q10504,Q10504
Bayern,http://www.wikidata.org/entity/Q10518,Q10518
Bayern,http://www.wikidata.org/entity/Q10516,Q10516
Bayern,http://www.wikidata.org/entity/Q10522,Q10522
Bayern,http://www.wikidata.org/entity/Q10523,Q10523
Bayern,http://www.wikidata.org/entity/Q10526,Q10526
Bayern,http://www.wikidata.org/entity/Q10530,Q10530
Bayern,http://www.wikidata.org/entity/Q10528,Q10528
Bayern,http://www.wikidata.org/entity/Q10533,Q10533
Bayern,http://www.wikidata.org/entity/Q10539,Q10539
Bayern,http://www.wikidata.org/entity/Q10537,Q10537
Bayern,http://www.wikidata.org/entity/Q10541,Q10541
Bayern,http://www.wikidata.org/entity/Q10544,Q10544
